[
  {
    "name": "Pure Glow Lips Stick",
    "slug": "pure-glow-lips-stick",
    "price": 10.0,
    "rating": 3.6,
    "image": [
      "https://webrevelshop.s3.ap-northeast-1.amazonaws.com/accessories/pure-glow-lips-stick.jpg",
      "https://webrevelshop.s3.ap-northeast-1.amazonaws.com/accessories/pure-glow-lips-stick2.jpg"
    ]
  },
  {
    "name": "Moisturizer Lotion",
    "slug": "moisturizer-lotion",
    "price": 12.0,
    "rating": 3.6,
    "image": [
      "https://webrevelshop.s3.ap-northeast-1.amazonaws.com/accessories/moisturizer-lotion.jpg",
      "https://webrevelshop.s3.ap-northeast-1.amazonaws.com/accessories/moisturizer-lotion2.jpg"
    ]
  },
  {
    "name": "Pink LipStick",
    "slug": "pink-lipstick",
    "price": 9.0,
    "rating": 4.0,
    "image": [
      "https://webrevelshop.s3.ap-northeast-1.amazonaws.com/accessories/pink-lipstick.jpg",
      "https://webrevelshop.s3.ap-northeast-1.amazonaws.com/accessories/pink-lipstick2.jpg"
    ]
  },
  {
    "name": "Cosmetics Brush Pack",
    "slug": "cosmetics-brush-pack",
    "price": 11.0,
    "rating": 3.9,
    "image": [
      "https://webrevelshop.s3.ap-northeast-1.amazonaws.com/accessories/cosmetics-brush-pack.jpg",
      "https://webrevelshop.s3.ap-northeast-1.amazonaws.com/accessories/cosmetics-brush-pack2.jpg"
    ]
  },
  {
    "name": "Flatly Lip Gloss",
    "slug": "flatlay-lip-gloss",
    "price": 20.0,
    "rating": 2.9,
    "image": [
      "https://webrevelshop.s3.ap-northeast-1.amazonaws.com/accessories/flatlay-lip-gloss.jpg",
      "https://webrevelshop.s3.ap-northeast-1.amazonaws.com/accessories/flatlay-lip-gloss2.jpg"
    ]
  },
  {
    "name": "Sakura purfium",
    "slug": "sakura-purfium",
    "price": 12.0,
    "rating": 3.3,
    "image": [
      "https://webrevelshop.s3.ap-northeast-1.amazonaws.com/accessories/sakura-purfium.jpg",
      "https://webrevelshop.s3.ap-northeast-1.amazonaws.com/accessories/sakura-purfium2.jpg"
    ]
  },
  {
    "name": "Stack of purfium",
    "slug": "stack-of-purfium",
    "price": 8.0,
    "rating": 3.7,
    "image": [
      "https://webrevelshop.s3.ap-northeast-1.amazonaws.com/accessories/stack-of-purfium.jpg",
      "https://webrevelshop.s3.ap-northeast-1.amazonaws.com/accessories/stack-of-purfium2.jpg"
    ]
  },
  {
    "name": "Stack Of Nail Polish",
    "slug": "stack-of-nail-polish",
    "price": 14.0,
    "rating": 4.6,
    "image": [
      "https://webrevelshop.s3.ap-northeast-1.amazonaws.com/accessories/stack-of-nail-polish.jpg",
      "https://webrevelshop.s3.ap-northeast-1.amazonaws.com/accessories/stack-of-nail-polish2.jpg"
    ]
  },
  {
    "name": "Colorful Palette",
    "slug": "colorful-palette",
    "price": 15.0,
    "rating": 3.2,
    "image": [
      "https://webrevelshop.s3.ap-northeast-1.amazonaws.com/accessories/colorful-palette.jpg",
      "https://webrevelshop.s3.ap-northeast-1.amazonaws.com/accessories/colorful-palette2.jpg"
    ]
  },
  {
    "name": "Bottle of Cream",
    "slug": "bottle-of-cream",
    "price": 5.0,
    "rating": 2.7,
    "image": [
      "https://webrevelshop.s3.ap-northeast-1.amazonaws.com/accessories/bottle-of-cream.jpg",
      "https://webrevelshop.s3.ap-northeast-1.amazonaws.com/accessories/bottle-of-cream2.jpg"
    ]
  },
  {
    "name": "Cosmetics Deivces",
    "slug": "cosmetics-devices",
    "price": 7.0,
    "rating": 3.4,
    "image": [
      "https://webrevelshop.s3.ap-northeast-1.amazonaws.com/accessories/cosmetics-devices.jpg",
      "https://webrevelshop.s3.ap-northeast-1.amazonaws.com/accessories/cosmetics-devices2.jpg"
    ]
  },
  {
    "name": "Fragance Perfum",
    "slug": "fragance-perfum",
    "price": 8.0,
    "rating": 3.9,
    "image": [
      "https://webrevelshop.s3.ap-northeast-1.amazonaws.com/accessories/fragance-perfum.jpg",
      "https://webrevelshop.s3.ap-northeast-1.amazonaws.com/accessories/fragance-perfum2.jpg"
    ]
  },
  {
    "name": "Molley Nail Polish",
    "slug": "molley-nail-polish",
    "price": 23.0,
    "rating": 4.9,
    "image": [
      "https://webrevelshop.s3.ap-northeast-1.amazonaws.com/accessories/molley-nail-polish.jpg",
      "https://webrevelshop.s3.ap-northeast-1.amazonaws.com/accessories/molley-nail-polish2.jpg"
    ]
  },
  {
    "name": "Make up kit",
    "slug": "make-up-kit",
    "price": 17.0,
    "rating": 4.6,
    "image": [
      "https://webrevelshop.s3.ap-northeast-1.amazonaws.com/accessories/make-up-kit.jpg",
      "https://webrevelshop.s3.ap-northeast-1.amazonaws.com/accessories/make-up-kit2.jpg"
    ]
  },
  {
    "name": "Creativity Cosmetics",
    "slug": "creativity-cosmetics",
    "price": 14.0,
    "rating": 4.7,
    "image": [
      "https://webrevelshop.s3.ap-northeast-1.amazonaws.com/accessories/creativity-cosmetics.jpg",
      "https://webrevelshop.s3.ap-northeast-1.amazonaws.com/accessories/creativity-cosmetics2.jpg"
    ]
  },
  {
    "name": "Close up Pack",
    "slug": "close-up-pack",
    "price": 13.0,
    "rating": 2.9,
    "image": [
      "https://webrevelshop.s3.ap-northeast-1.amazonaws.com/accessories/close-up-pack.jpg",
      "https://webrevelshop.s3.ap-northeast-1.amazonaws.com/accessories/close-up-pack2.jpg"
    ]
  },
  {
    "name": "Face Care Scrub",
    "slug": "face-care-scrub",
    "price": 7.0,
    "rating": 3.8,
    "image": [
      "https://webrevelshop.s3.ap-northeast-1.amazonaws.com/accessories/face-care-scrub.jpg",
      "https://webrevelshop.s3.ap-northeast-1.amazonaws.com/accessories/face-care-scrub2.jpg"
    ]
  },
  {
    "name": "Conceptual Kit",
    "slug": "conceptual-kit",
    "price": 9.0,
    "rating": 4.4,
    "image": [
      "https://webrevelshop.s3.ap-northeast-1.amazonaws.com/accessories/conceptual-kit.jpg",
      "https://webrevelshop.s3.ap-northeast-1.amazonaws.com/accessories/conceptual-kit2.jpg"
    ]
  },
  {
    "name": "Hair Dryer",
    "slug": "hair-dryer",
    "price": 14,
    "rating": 3.5,
    "image": [
      "https://webrevelshop.s3.ap-northeast-1.amazonaws.com/accessories/hair-dryer.jpg",
      "https://webrevelshop.s3.ap-northeast-1.amazonaws.com/accessories/hair-dryer2.jpg"
    ]
  },
  {
    "name": "All In One",
    "slug": "all-in-one",
    "price": 60,
    "rating": 4.7,
    "image": [
      "https://webrevelshop.s3.ap-northeast-1.amazonaws.com/accessories/all-in-one.jpg",
      "https://webrevelshop.s3.ap-northeast-1.amazonaws.com/accessories/all-in-one2.jpg"
    ]
  }
]
