[
  {
    "name": "Potrait Suno",
    "slug": "potrait-suno",
    "price": 120.0,
    "rating": 3.9,
    "image": [
      "https://webrevelshop.s3.ap-northeast-1.amazonaws.com/kids/potrait-suno.jpg",
      "https://webrevelshop.s3.ap-northeast-1.amazonaws.com/kids/potrait-suno2.jpg"
    ]
  },
  {
    "name": "Stylo Young",
    "slug": "stylo-young",
    "price": 122.0,
    "rating": 3.6,
    "image": [
      "https://webrevelshop.s3.ap-northeast-1.amazonaws.com/kids/stylo-young.jpg",
      "https://webrevelshop.s3.ap-northeast-1.amazonaws.com/kids/stylo-young2.jpg"
    ]
  },
  {
    "name": "Kai hato",
    "slug": "kai-hato",
    "price": 100.0,
    "rating": 4.1,
    "image": [
      "https://webrevelshop.s3.ap-northeast-1.amazonaws.com/kids/kai-hato.jpg",
      "https://webrevelshop.s3.ap-northeast-1.amazonaws.com/kids/kai-hato2.jpg"
    ]
  },
  {
    "name": "Air X Force",
    "slug": "air-x-force",
    "price": 140.0,
    "rating": 4.3,
    "image": [
      "https://webrevelshop.s3.ap-northeast-1.amazonaws.com/kids/air-x-force.jpg",
      "https://webrevelshop.s3.ap-northeast-1.amazonaws.com/kids/air-x-force2.jpg"
    ]
  },
  {
    "name": "Kawaii koto",
    "slug": "kawaii-koto",
    "price": 120.0,
    "rating": 3.9,
    "image": [
      "https://webrevelshop.s3.ap-northeast-1.amazonaws.com/kids/kawaii-koto.jpg",
      "https://webrevelshop.s3.ap-northeast-1.amazonaws.com/kids/kawaii-koto2.jpg"
    ]
  },
  {
    "name": "Jeans For kids",
    "slug": "jens-for-kids",
    "price": 150.0,
    "rating": 4.9,
    "image": [
      "https://webrevelshop.s3.ap-northeast-1.amazonaws.com/kids/jens-for-kids.jpg",
      "https://webrevelshop.s3.ap-northeast-1.amazonaws.com/kids/jens-for-kids2.jpg"
    ]
  },
  {
    "name": "Kuro nu ma",
    "slug": "kuro-nu-ma",
    "price": 140.0,
    "rating": 4.4,
    "image": [
      "https://webrevelshop.s3.ap-northeast-1.amazonaws.com/kids/kuro-nu-ma.jpg",
      "https://webrevelshop.s3.ap-northeast-1.amazonaws.com/kids/kuro-nu-ma2.jpg"
    ]
  },
  {
    "name": "Jeresy For Kids",
    "slug": "jeresy-for-kids",
    "price": 130.0,
    "rating": 3.7,
    "image": [
      "https://webrevelshop.s3.ap-northeast-1.amazonaws.com/kids/jeresy-for-kids.jpg",
      "https://webrevelshop.s3.ap-northeast-1.amazonaws.com/kids/jeresy-for-kids2.jpg"
    ]
  },
  {
    "name": "Kid X Exo",
    "slug": "kid-x-exo",
    "price": 100.0,
    "rating": 3.9,
    "image": [
      "https://webrevelshop.s3.ap-northeast-1.amazonaws.com/kids/kid-x-exo.jpg",
      "https://webrevelshop.s3.ap-northeast-1.amazonaws.com/kids/kid-x-exo2.jpg"
    ]
  },
  {
    "name": "Kodo mo des",
    "slug": "kodo-mo-des",
    "price": 90.0,
    "rating": 3.1,
    "image": [
      "https://webrevelshop.s3.ap-northeast-1.amazonaws.com/kids/kodo-mo-des.jpg",
      "https://webrevelshop.s3.ap-northeast-1.amazonaws.com/kids/kodo-mo-des2.jpg"
    ]
  },
  {
    "name": "Winter For kids",
    "slug": "winter-for-kids",
    "price": 142.0,
    "rating": 4.8,
    "image": [
      "https://webrevelshop.s3.ap-northeast-1.amazonaws.com/kids/winter-for-kids.jpg",
      "https://webrevelshop.s3.ap-northeast-1.amazonaws.com/kids/winter-for-kids.jpg"
    ]
  },
  {
    "name": "Genki ka ee",
    "slug": "genki-ka-ee",
    "price": 115.0,
    "rating": 3.5,
    "image": [
      "https://webrevelshop.s3.ap-northeast-1.amazonaws.com/kids/genki-ka-ee.jpg",
      "https://webrevelshop.s3.ap-northeast-1.amazonaws.com/kids/genki-ka-ee2.jpg"
    ]
  },
  {
    "name": "Ora Tu Sora",
    "slug": "ora-tu-sora",
    "price": 155.0,
    "rating": 2.9,
    "image": [
      "https://webrevelshop.s3.ap-northeast-1.amazonaws.com/kids/ora-tu-sora.jpg",
      "https://webrevelshop.s3.ap-northeast-1.amazonaws.com/kids/ora-tu-sora2.jpg"
    ]
  },
  {
    "name": "Twin Style",
    "slug": "twin-style",
    "price": 140.0,
    "rating": 4.8,
    "image": [
      "https://webrevelshop.s3.ap-northeast-1.amazonaws.com/kids/twin-style.jpg",
      "https://webrevelshop.s3.ap-northeast-1.amazonaws.com/kids/twin-style2.jpg"
    ]
  },
  {
    "name": "Leather Clothes",
    "slug": "leather-clothes",
    "price": 135.0,
    "rating": 3.6,
    "image": [
      "https://webrevelshop.s3.ap-northeast-1.amazonaws.com/kids/leather-clothes.jpg",
      "https://webrevelshop.s3.ap-northeast-1.amazonaws.com/kids/leather-clothes2.jpg"
    ]
  },
  {
    "name": "Fraco Tu Sai",
    "slug": "fraco-tu-sai",
    "price": 140.0,
    "rating": 4.7,
    "image": [
      "https://webrevelshop.s3.ap-northeast-1.amazonaws.com/kids/fraco-tu-sai.jpg",
      "https://webrevelshop.s3.ap-northeast-1.amazonaws.com/kids/fraco-tu-sai2.jpg"
    ]
  },
  {
    "name": "Exo X kids",
    "slug": "exo-x-kids",
    "price": 150.0,
    "rating": 4.9,
    "image": [
      "https://webrevelshop.s3.ap-northeast-1.amazonaws.com/kids/exo-x-kids.jpg",
      "https://webrevelshop.s3.ap-northeast-1.amazonaws.com/kids/exo-x-kids2.jpg"
    ]
  },
  {
    "name": "Halle Tu kids",
    "slug": "halle-tu-kids",
    "price": 120.0,
    "rating": 4.5,
    "image": [
      "https://webrevelshop.s3.ap-northeast-1.amazonaws.com/kids/halle-tu-kids.jpg",
      "https://webrevelshop.s3.ap-northeast-1.amazonaws.com/kids/halle-tu-kids2.jpg"
    ]
  },
  {
    "name": "Caw X kids",
    "slug": "caw-x-kids",
    "price": 110.0,
    "rating": 3.3,
    "image": [
      "https://webrevelshop.s3.ap-northeast-1.amazonaws.com/kids/caw-x-kids.jpg",
      "https://webrevelshop.s3.ap-northeast-1.amazonaws.com/kids/caw-x-kids2.jpg"
    ]
  },
  {
    "name": "White For Kids",
    "slug": "white-for-kids",
    "price": 100.0,
    "rating": 3.6,
    "image": [
      "https://webrevelshop.s3.ap-northeast-1.amazonaws.com/kids/white-for-kids.jpg",
      "https://webrevelshop.s3.ap-northeast-1.amazonaws.com/kids/white-for-kids2.jpg"
    ]
  }
]
