[
  {
    "name": "Classic Spring",
    "slug": "classic-spring",
    "price": 120.0,
    "rating": 3.5,
    "image": [
      "https://webrevelshop.s3.ap-northeast-1.amazonaws.com/men/classic-spring.jpg",
      "https://webrevelshop.s3.ap-northeast-1.amazonaws.com/men/classic-spring2.jpg"
    ]
  },
  {
    "name": "Air Force 1 x",
    "slug": "air-force-1-x",
    "price": 90.0,
    "rating": 3.8,
    "image": [
      "https://webrevelshop.s3.ap-northeast-1.amazonaws.com/men/air-force.jpg",
      "https://webrevelshop.s3.ap-northeast-1.amazonaws.com/men/air-force2.jpg"
    ]
  },
  {
    "name": "Love Nana 20",
    "slug": "love-nana-20",
    "price": 150.0,
    "rating": 4.0,
    "image": [
      "https://webrevelshop.s3.ap-northeast-1.amazonaws.com/men/love-nana.jpg",
      "https://webrevelshop.s3.ap-northeast-1.amazonaws.com/men/love-nana2.jpg"
    ]
  },
  {
    "name": "Atom X",
    "slug": "atom-x",
    "price": 122.0,
    "rating": 3.9,
    "image": [
      "https://webrevelshop.s3.ap-northeast-1.amazonaws.com/men/atom--x.jpg",
      "https://webrevelshop.s3.ap-northeast-1.amazonaws.com/men/atom--x2.jpg"
    ]
  },
  {
    "name": "Man On Edge",
    "slug": "man-on-edge",
    "price": 130.0,
    "rating": 3.6,
    "image": [
      "https://webrevelshop.s3.ap-northeast-1.amazonaws.com/men/man-on-edge.jpg",
      "https://webrevelshop.s3.ap-northeast-1.amazonaws.com/men/man-on-edge2.jpg"
    ]
  },
  {
    "name": "Urban For Men",
    "slug": "urban-for-men",
    "price": 130.0,
    "rating": 4.5,
    "image": [
      "https://webrevelshop.s3.ap-northeast-1.amazonaws.com/men/urban-for-men.jpg",
      "https://webrevelshop.s3.ap-northeast-1.amazonaws.com/men/urban-for-men-2.jpg"
    ]
  },
  {
    "name": "Ourtdoor Air",
    "slug": "outdoor-air",
    "price": 100.0,
    "rating": 4.9,
    "image": [
      "https://webrevelshop.s3.ap-northeast-1.amazonaws.com/men/ourtdoor-air.jpg",
      "https://webrevelshop.s3.ap-northeast-1.amazonaws.com/men/outdoor-air2.jpg"
    ]
  },
  {
    "name": "Stylo Gents",
    "slug": "stylo-gents",
    "price": 120.0,
    "rating": 4.7,
    "image": [
      "https://webrevelshop.s3.ap-northeast-1.amazonaws.com/men/stylo-gents.jpg",
      "https://webrevelshop.s3.ap-northeast-1.amazonaws.com/men/stylo-gents2.jpg"
    ]
  },
  {
    "name": "Entrepreneurs Style",
    "slug": "entrepreneurs-style",
    "price": 135.0,
    "rating": 3.9,
    "image": [
      "https://webrevelshop.s3.ap-northeast-1.amazonaws.com/men/entrepeneurs-style.jpg",
      "https://webrevelshop.s3.ap-northeast-1.amazonaws.com/men/entrepeneurs-style2.jpg"
    ]
  },
  {
    "name": "Brown Ways",
    "slug": "brown-ways",
    "price": 140.0,
    "rating": 4.0,
    "image": [
      "https://webrevelshop.s3.ap-northeast-1.amazonaws.com/men/brown-ways.jpg",
      "https://webrevelshop.s3.ap-northeast-1.amazonaws.com/men/Business-x-way2.jpg"
    ]
  },
  {
    "name": "Ceunty '21",
    "slug": "ceuntry-21",
    "price": 150.0,
    "rating": 4.2,
    "image": [
      "https://webrevelshop.s3.ap-northeast-1.amazonaws.com/men/ceuntry-21.jpg",
      "https://webrevelshop.s3.ap-northeast-1.amazonaws.com/men/ceuntry-21-2.jpg"
    ]
  },
  {
    "name": "Winter 'f",
    "slug": "winter-f",
    "price": 130.0,
    "rating": 3.0,
    "image": [
      "https://webrevelshop.s3.ap-northeast-1.amazonaws.com/men/winter-f.jpg",
      "https://webrevelshop.s3.ap-northeast-1.amazonaws.com/men/winter-f2.jpg"
    ]
  },
  {
    "name": "Bussiness X Way",
    "slug": "business-x-way",
    "price": 129.0,
    "rating": 4.3,
    "image": [
      "https://webrevelshop.s3.ap-northeast-1.amazonaws.com/men/Business-x-way.jpg",
      "https://webrevelshop.s3.ap-northeast-1.amazonaws.com/men/Business-x-way2.jpg"
    ]
  },
  {
    "name": "Supra Black",
    "slug": "supra-black",
    "price": 135.0,
    "rating": 3.8,
    "image": [
      "https://webrevelshop.s3.ap-northeast-1.amazonaws.com/men/supera-black.jpg",
      "https://webrevelshop.s3.ap-northeast-1.amazonaws.com/men/supera-black2.jpg"
    ]
  },
  {
    "name": "Numeris Saro",
    "slug": "numeris-saro",
    "price": 110.0,
    "rating": 3.6,
    "image": [
      "https://webrevelshop.s3.ap-northeast-1.amazonaws.com/men/numeris-saro.jpg",
      "https://webrevelshop.s3.ap-northeast-1.amazonaws.com/men/numeris-saro2.jpg"
    ]
  },
  {
    "name": "Kage No Juju",
    "slug": "kage-no-juj",
    "price": 90.0,
    "rating": 2.9,
    "image": [
      "https://webrevelshop.s3.ap-northeast-1.amazonaws.com/men/kage-no-juju.jpg",
      "https://webrevelshop.s3.ap-northeast-1.amazonaws.com/men/kage-no-juju2.jpg"
    ]
  },
  {
    "name": "Urbon Sudo",
    "slug": "urbon-sudo",
    "price": 130.0,
    "rating": 3.9,
    "image": [
      "https://webrevelshop.s3.ap-northeast-1.amazonaws.com/men/urban-subo.jpg",
      "https://webrevelshop.s3.ap-northeast-1.amazonaws.com/men/urban-subo2.jpg"
    ]
  },
  {
    "name": "Tokyo Merch",
    "slug": "tokyo-merch",
    "price": 160.0,
    "rating": 4.9,
    "image": [
      "https://webrevelshop.s3.ap-northeast-1.amazonaws.com/men/tokyo-merch.jpg",
      "https://webrevelshop.s3.ap-northeast-1.amazonaws.com/men/tokyo-merch2.jpg"
    ]
  },
  {
    "name": "Classic Spring",
    "slug": "classic-spring",
    "price": 150.0,
    "rating": 4.5,
    "image": [
      "https://webrevelshop.s3.ap-northeast-1.amazonaws.com/men/classic-spring.jpg",
      "https://webrevelshop.s3.ap-northeast-1.amazonaws.com/men/classic-spring2.jpg"
    ]
  },
  {
    "name": "Miro Fetch",
    "slug": "miro-fetch",
    "price": 115.0,
    "rating": 3.4,
    "image": [
      "https://webrevelshop.s3.ap-northeast-1.amazonaws.com/men/miro-fetch.jpg",
      "https://webrevelshop.s3.ap-northeast-1.amazonaws.com/men/miro-fetch2.jpg"
    ]
  }
]
