[
  {
    "name": "Hot Summer",
    "slug": "hot-summer",
    "price": 130.0,
    "rating": 3.2,
    "image": [
      "https://webrevelshop.s3.ap-northeast-1.amazonaws.com/women/hot-summer.jpg",
      "https://webrevelshop.s3.ap-northeast-1.amazonaws.com/women/hot-summer2.jpg"
    ]
  },
  {
    "name": "Black ORA",
    "slug": "black-ora",
    "price": 100.0,
    "rating": 3.9,
    "image": [
      "https://webrevelshop.s3.ap-northeast-1.amazonaws.com/women/black-ora.jpg",
      "https://webrevelshop.s3.ap-northeast-1.amazonaws.com/women/black-ora2.jpg"
    ]
  },
  {
    "name": "Umi Suro",
    "slug": "umi-suro",
    "price": 160.0,
    "rating": 4.0,
    "image": [
      "https://webrevelshop.s3.ap-northeast-1.amazonaws.com/women/umi-suro.jpg",
      "https://webrevelshop.s3.ap-northeast-1.amazonaws.com/women/umi-suro2.jpg"
    ]
  },
  {
    "name": "Jery For Girls",
    "slug": "jery-for-girls",
    "price": 130.0,
    "rating": 4.1,
    "image": [
      "https://webrevelshop.s3.ap-northeast-1.amazonaws.com/women/jery-for-girls.jpg",
      "https://webrevelshop.s3.ap-northeast-1.amazonaws.com/women/jery-for-girls2.jpg"
    ]
  },
  {
    "name": "AW X Cru",
    "slug": "aw-x-cru",
    "price": 130.0,
    "rating": 3.2,
    "image": [
      "https://webrevelshop.s3.ap-northeast-1.amazonaws.com/women/aw-x-cru.jpg",
      "https://webrevelshop.s3.ap-northeast-1.amazonaws.com/women/aw-x-cru2.jpg"
    ]
  },
  {
    "name": "Kai To X",
    "slug": "kai-to-x",
    "price": 150.0,
    "rating": 4.9,
    "image": [
      "https://webrevelshop.s3.ap-northeast-1.amazonaws.com/women/kai-to-x.jpg",
      "https://webrevelshop.s3.ap-northeast-1.amazonaws.com/women/jery-for-girls2.jpg"
    ]
  },
  {
    "name": "Tokyo Merch",
    "slug": "tokyo-merch",
    "price": 160.0,
    "rating": 3.5,
    "image": [
      "https://webrevelshop.s3.ap-northeast-1.amazonaws.com/women/tokyo-merch.jpg",
      "https://webrevelshop.s3.ap-northeast-1.amazonaws.com/women/tokyo-merch2.jpg"
    ]
  },
  {
    "name": "Kawaii Chan to",
    "slug": "kawaii-chan-to",
    "price": 120.0,
    "rating": 3.6,
    "image": [
      "https://webrevelshop.s3.ap-northeast-1.amazonaws.com/women/kawaii-chan-to.jpg",
      "https://webrevelshop.s3.ap-northeast-1.amazonaws.com/women/kawaii-chan-to2.jpg"
    ]
  },
  {
    "name": "Blue X Ray",
    "slug": "blue-x-ray",
    "price": 110.0,
    "rating": 2.9,
    "image": [
      "https://webrevelshop.s3.ap-northeast-1.amazonaws.com/women/blue-x-ray.jpg",
      "https://webrevelshop.s3.ap-northeast-1.amazonaws.com/women/blue-x-ray2.jpg"
    ]
  },
  {
    "name": "Red X Rose",
    "slug": "red-x-rose",
    "price": 155.0,
    "rating": 4.7,
    "image": [
      "https://webrevelshop.s3.ap-northeast-1.amazonaws.com/women/red-x-rose.jpg",
      "https://webrevelshop.s3.ap-northeast-1.amazonaws.com/women/red-x-rose2.jpg"
    ]
  },
  {
    "name": "Saint tom rai",
    "slug": "saint-tom-rai",
    "price": 150.0,
    "rating": 4.9,
    "image": [
      "https://webrevelshop.s3.ap-northeast-1.amazonaws.com/women/saint-tom-rai.jpg",
      "https://webrevelshop.s3.ap-northeast-1.amazonaws.com/women/saint-tom-rai2.jpg"
    ]
  },
  {
    "name": "Winter '21s",
    "slug": "winter-21s",
    "price": 140.0,
    "rating": 3.6,
    "image": [
      "https://webrevelshop.s3.ap-northeast-1.amazonaws.com/women/winter-21s.jpg",
      "https://webrevelshop.s3.ap-northeast-1.amazonaws.com/women/winter-21s2.jpg"
    ]
  },
  {
    "name": "Outdoor for Girls",
    "slug": "outdoor-for-girls",
    "price": 123.0,
    "rating": 2.9,
    "image": [
      "https://webrevelshop.s3.ap-northeast-1.amazonaws.com/women/outdoor-for-girls.jpg",
      "https://webrevelshop.s3.ap-northeast-1.amazonaws.com/women/outdoor-for-girls2.jpg"
    ]
  },
  {
    "name": "Summer Beach",
    "slug": "summer-beach",
    "price": 160.0,
    "rating": 4.9,
    "image": [
      "https://webrevelshop.s3.ap-northeast-1.amazonaws.com/women/summer-beach.jpg",
      "https://webrevelshop.s3.ap-northeast-1.amazonaws.com/women/summer-beach2.jpg"
    ]
  },
  {
    "name": "Subara Kun to",
    "slug": "subara-kun-to",
    "price": 125.0,
    "rating": 3.5,
    "image": [
      "https://webrevelshop.s3.ap-northeast-1.amazonaws.com/women/subara-kun-to.jpg",
      "https://webrevelshop.s3.ap-northeast-1.amazonaws.com/women/subara-kun-to2.jpg"
    ]
  },
  {
    "name": "Jean X Stylo",
    "slug": "jean-x-stylo",
    "price": 140.0,
    "rating": 4.4,
    "image": [
      "https://webrevelshop.s3.ap-northeast-1.amazonaws.com/women/jean-x-stylo.jpg",
      "https://webrevelshop.s3.ap-northeast-1.amazonaws.com/women/jean-x-stylo2.jpg"
    ]
  },
  {
    "name": "Women Flora",
    "slug": "women-flora",
    "price": 150.0,
    "rating": 4.6,
    "image": [
      "https://webrevelshop.s3.ap-northeast-1.amazonaws.com/women/women-flora.jpg",
      "https://webrevelshop.s3.ap-northeast-1.amazonaws.com/women/women-flora2.jpg"
    ]
  },
  {
    "name": "Urban For Girls",
    "slug": "urban-for-grils",
    "price": 133.0,
    "rating": 3.9,
    "image": [
      "https://webrevelshop.s3.ap-northeast-1.amazonaws.com/women/urban-for-grils.jpg",
      "https://webrevelshop.s3.ap-northeast-1.amazonaws.com/women/urban-for-grils2.jpg"
    ]
  },
  {
    "name": "Ray X Row",
    "slug": "ray-x-row",
    "price": 120.0,
    "rating": 4.3,
    "image": [
      "https://webrevelshop.s3.ap-northeast-1.amazonaws.com/women/ray-x-row.jpg",
      "https://webrevelshop.s3.ap-northeast-1.amazonaws.com/women/ray-x-row2.jpg"
    ]
  },
  {
    "name": "Neon Way Style",
    "slug": "neon-way-style",
    "price": 130.0,
    "rating": 4.6,
    "image": [
      "https://webrevelshop.s3.ap-northeast-1.amazonaws.com/women/neon-way-style.jpg",
      "https://webrevelshop.s3.ap-northeast-1.amazonaws.com/women/neon-way-style2.jpg"
    ]
  }
]
